{
  "onsiteSurveyDetails": [
    {
      "priorityProcess": "Episode of Care",
      "standards": [
        {
          "standardName": "Aboriginal Integrated Primary Care",
          "criteria": [
            {
            "criteriaNumber": 1.1,
            "criteriaText": "There is a process to respond to requests for services in a timely way."
            },
            {
              "criteriaNumber": 1.2,
              "criteriaText": "There is a process to respond to requests for services in a timely way."
            },
            {
              "criteriaNumber": 1.3,
              "criteriaText": "There is a process to respond to requests for services in a timely way."
            },
            {
              "criteriaNumber": 1.4,
              "criteriaText": "There is a process to respond to requests for services in a timely way."
            }
          ]
        }
      ]
    },
    {
      "priorityProcess": "People-Centred Care",
      "standards": [
        {
          "standardName": "Aboriginal Integrated Primary Care",
          "criteria": [
            {
            "criteriaNumber": 1.1,
            "criteriaText": "There is a process to respond to requests for services in a timely way."
            },
            {
              "criteriaNumber": 1.2,
              "criteriaText": "There is a process to respond to requests for services in a timely way."
            }
          ]
        }
      ]
    },
    {
      "priorityProcess": "Medical Devices and Equipment",
      "standards": [
        {
          "standardName": "Reprocessing of Reusable Medical Devices",
          "criteria": [
            {
            "criteriaNumber": 1.1,
            "criteriaText": "There is a process to respond to requests for services in a timely way."
            },
            {
              "criteriaNumber": 1.2,
              "criteriaText": "There is a process to respond to requests for services in a timely way."
            }
          ]
        }
      ]
    }
  ]
}
